id,conversation_id,created_at,date,time,timezone,user_id,username,name,place,tweet,language,mentions,urls,photos,replies_count,retweets_count,likes_count,hashtags,cashtags,link,retweet,quote_url,video,thumbnail,near,geo,source,user_rt_id,user_rt,retweet_id,reply_to,retweet_date,translate,trans_src,trans_dest
1388527596036444163,1388517471787749377,2021-05-01 09:15:51 PDT,2021-05-01,09:15:51,-0700,1348559391629352962,mitushi1108,mitushi1108,,"@Su4ita @DelhiPolice @DCP_CCC_Delhi #SCAM ALERT #DELHI #OXYGEN #DelhiPolice #DelhiNeedsOxygen #OxygenCylinders #OxygenEmergency @Su4ita  Sachin Agarwal- +919083499035 , +91 93825 45742 , +91 96359 74489took  money from my friend promising to deliver a cylinder, has now switched his phone off.  https://t.co/NAN5psSQuZ",en,"[{'screen_name': 'su4ita', 'name': 'sucharita tyagi', 'id': '350728896'}]",[],"['https://pbs.twimg.com/media/E0UKfAbVoAEa3ml.jpg', 'https://pbs.twimg.com/media/E0UKfAdVgAAkTZT.jpg']",2,2,2,"['scam', 'delhi', 'oxygen', 'delhipolice', 'delhineedsoxygen', 'oxygencylinders', 'oxygenemergency']",[],https://twitter.com/mitushi1108/status/1388527596036444163,False,,1,https://pbs.twimg.com/media/E0UKfAbVoAEa3ml.jpg,,,,,,,"[{'screen_name': 'Su4ita', 'name': 'Sucharita Tyagi', 'id': '350728896'}, {'screen_name': 'DelhiPolice', 'name': '#DilKiPolice Delhi Police', 'id': '1850705408'}, {'screen_name': 'DCP_CCC_Delhi', 'name': 'DCP Cybercrime', 'id': '874157386952519680'}]",,,,
1388527543054069765,1388527543054069765,2021-05-01 09:15:38 PDT,2021-05-01,09:15:38,-0700,70368376,_yogeshgupta,Adv. Yogesh Gupta üáÆüá≥,,"Dear Sir   Urgent Requirement #Oxygen #Concentrator, #Remdesivir and #Tocilizumab injections in #TilakNagar, #Delhi.  Name- R.P.Tyagi Age -61 Phone number:- 9911014554 Condition is critical, please help. üôè  @DeependerSHooda   @TeamDeepender",en,"[{'screen_name': 'deependershooda', 'name': 'deepender s hooda', 'id': '49375859'}, {'screen_name': 'teamdeepender', 'name': 'team deepender inc', 'id': '4431427320'}]",[],[],6,1,1,"['oxygen', 'concentrator', 'remdesivir', 'tocilizumab', 'tilaknagar', 'delhi']",[],https://twitter.com/_YogeshGupta/status/1388527543054069765,False,,0,,,,,,,,[],,,,
1388506881035964416,1388506881035964416,2021-05-01 07:53:32 PDT,2021-05-01,07:53:32,-0700,1348559391629352962,mitushi1108,mitushi1108,,"#SCAM ALERT #DELHI #OXYGEN #DelhiPolice #DelhiNeedsOxygen #OxygenCylinders #OxygenEmergency  Sachin Agarwal- +919083499035 , +91 93825 45742 , +91 96359 74489took  money from my friend promising to deliver a cylinder, has now switched his phone off.  BEWARE do not reach out to",en,[],[],[],1,1,1,"['scam', 'delhi', 'oxygen', 'delhipolice', 'delhineedsoxygen', 'oxygencylinders', 'oxygenemergency']",[],https://twitter.com/mitushi1108/status/1388506881035964416,False,,0,,,,,,,,[],,,,
1388492297608728582,1388492297608728582,2021-05-01 06:55:35 PDT,2021-05-01,06:55:35,-0700,328993574,sayanigupta,Sayani Gupta,,"This guys needs to be caught.  He said Sachin Agarwal on this no. 6289204276 Sent the below gpay details: (9973329750 Phone pay Google pe Raj Kumar Mandal) #SCAM #delhi #Oxygen   Also, please Do Not Give any advance to anyone asking.",en,[],[],[],2,11,18,"['scam', 'delhi', 'oxygen']",[],https://twitter.com/sayanigupta/status/1388492297608728582,False,https://twitter.com/Su4ita/status/1388127899396427776,0,,,,,,,,[],,,,
1388448867679543297,1388440213668569089,2021-05-01 04:03:00 PDT,2021-05-01,04:03:00,-0700,582850178,dogoodalwys,Nevergiveup,,"@garima5555 @taapsee @MandviSharma @bhumipednekar @priyankachopra @Samriddhi0809 @janiceseq85 @deespeak @RichaChadha @I_abhipandey Call here fast Contact MR Vineet ..He is selling 12 ltr oxygen Can at 800rs ..Call at @9811169579 and I just spoke at 2.42pm Oxygen Cans available at Sec17, Rohini, Near Shama Chicken Corner. Pls reach and phone him #oxygen #refill #coviddelhi #covidhelpdelhi #delhi #covid",en,[],[],[],0,1,1,"['oxygen', 'refill', 'coviddelhi', 'covidhelpdelhi', 'delhi', 'covid']",[],https://twitter.com/dogoodalwys/status/1388448867679543297,False,,0,,,,,,,,"[{'screen_name': 'garima5555', 'name': 'Garima', 'id': '472662842'}, {'screen_name': 'taapsee', 'name': 'taapsee pannu', 'id': '132992534'}, {'screen_name': 'MandviSharma', 'name': 'Mandvi Gayatri Sharma', 'id': '31798899'}, {'screen_name': 'bhumipednekar', 'name': 'bhumi pednekar', 'id': '243332437'}, {'screen_name': 'priyankachopra', 'name': 'PRIYANKA', 'id': '18681139'}, {'screen_name': 'Samriddhi0809', 'name': 'Samriddhi Sakunia', 'id': '1187435094270603264'}, {'screen_name': 'janiceseq85', 'name': 'Janice Sequeira', 'id': '102031596'}, {'screen_name': 'deespeak', 'name': 'Dia Mirza', 'id': '113352671'}, {'screen_name': 'RichaChadha', 'name': 'TheRichaChadha', 'id': '207888272'}, {'screen_name': 'I_abhipandey', 'name': 'Abhishek Pandey', 'id': '572559747'}]",,,,
1388435101747396608,1388428921478078465,2021-05-01 03:08:18 PDT,2021-05-01,03:08:18,-0700,582850178,dogoodalwys,Nevergiveup,,"@ruchikagarg271 @iPriyanka_S Call here fast Contact MR Vineet ..He is selling 12 ltr oxygen Can at 800rs ..Call at @9811169579 and I just spoke at 2.42pm Oxygen Cans available at Sec17, Rohini, Near Shama Chicken Corner. Pls reach and phone him #oxygen #refill #coviddelhi #covidhelpdelhi #delhi #covid",en,[],[],[],1,2,2,"['oxygen', 'refill', 'coviddelhi', 'covidhelpdelhi', 'delhi', 'covid']",[],https://twitter.com/dogoodalwys/status/1388435101747396608,False,,0,,,,,,,,"[{'screen_name': 'ruchikagarg271', 'name': 'Ruchika Garg', 'id': '3255456678'}, {'screen_name': 'iPriyanka_S', 'name': 'Priyanka Sharma', 'id': '635638927'}]",,,,
1388434108724940802,1388434108724940802,2021-05-01 03:04:22 PDT,2021-05-01,03:04:22,-0700,2583433406,iamhimanshusani,Himanshu Saini,,Verified Phone number oxygen delhi #OxygenCylinders #Oxygen #Delhi   https://t.co/NkL4i3Joqe,en,[],['https://jeevankhoj.com/delhi-oxygen/'],[],0,0,0,"['oxygencylinders', 'oxygen', 'delhi']",[],https://twitter.com/iamhimanshusani/status/1388434108724940802,False,,0,,,,,,,,[],,,,
1388426197550329856,1388425711594004482,2021-05-01 02:32:55 PDT,2021-05-01,02:32:55,-0700,582850178,dogoodalwys,Nevergiveup,,"@MandviSharma @itsmesabita @utsavbains @indiacares_2020 Contact MR Vineet ..He is selling 12 ltr oxygen Can at 800rs ..Call at @9811169579 and I just spoke at 2.42pm 1/5/21 Oxygen Cans availble at Sec17, Rohini, Near Shama Chicken Corner. Pls reach and phone him #oxygen #refill #coviddelhi #covidhelpdelhi #delhi #covid #oxygencylinder",en,[],[],[],1,2,1,"['oxygen', 'refill', 'coviddelhi', 'covidhelpdelhi', 'delhi', 'covid', 'oxygencylinder']",[],https://twitter.com/dogoodalwys/status/1388426197550329856,False,,0,,,,,,,,"[{'screen_name': 'MandviSharma', 'name': 'Mandvi Gayatri Sharma', 'id': '31798899'}, {'screen_name': 'itsmesabita', 'name': 'Sabita Chanda', 'id': '68598181'}, {'screen_name': 'utsavbains', 'name': 'Utsav Bains', 'id': '2339462503'}, {'screen_name': 'indiacares_2020', 'name': 'India Cares', 'id': '1250957643981582336'}]",,,,
1388421224452083712,1388399495352918017,2021-05-01 02:13:10 PDT,2021-05-01,02:13:10,-0700,582850178,dogoodalwys,Nevergiveup,,"@HataCurry @iPriyanka_S Contact MR Vineet ..He is selling 12 ltr oxygen Can at 800rs ..Call at @9811169579 and I just spoke at 2.42pm Oxygen Cans available at Sec17, Rohini, Near Shama Chicken Corner. Pls reach and phone him #oxygen #refill #coviddelhi #covidhelpdelhi #delhi #covid #oxygencylinder",en,[],[],[],1,2,1,"['oxygen', 'refill', 'coviddelhi', 'covidhelpdelhi', 'delhi', 'covid', 'oxygencylinder']",[],https://twitter.com/dogoodalwys/status/1388421224452083712,False,,0,,,,,,,,"[{'screen_name': 'HataCurry', 'name': 'Satadru Mukherjee', 'id': '45089243'}, {'screen_name': 'iPriyanka_S', 'name': 'Priyanka Sharma', 'id': '635638927'}]",,,,
1388410041569447938,1388410041569447938,2021-05-01 01:28:43 PDT,2021-05-01,01:28:43,-0700,976875724819886080,abhay_dhotrekar,Abhay Dhotrekar,,"Spoke with the concerned person @9811169579 Oxygen Cans available at Sec17, Rohini, Near Shama Chicken Corner. Pls reach and phone him #oxygen #refill #coviddelhi #covidhelpdelhi #delhi #covid #oxygencylinder",en,[],[],[],0,1,0,"['oxygen', 'refill', 'coviddelhi', 'covidhelpdelhi', 'delhi', 'covid', 'oxygencylinder']",[],https://twitter.com/abhay_dhotrekar/status/1388410041569447938,False,https://twitter.com/Fighterjet_sam/status/1388386540187959297,0,,,,,,,,[],,,,
1388406047702851585,1388406047702851585,2021-05-01 01:12:51 PDT,2021-05-01,01:12:51,-0700,3313606693,monkchandan,Parashar Chandan,,"please help  #Urgent need #Oxygen #Dwarka #Delhi  Mrs Pushpa Jha Flat -190, Adarsh Apartment  Sector-3, Pocket-16 #Dwarka  New Delhi PIN -110078  Phone -8285920530 @TajinderBagga  ji",en,"[{'screen_name': 'tajinderbagga', 'name': 'tajinder pal singh bagga', 'id': '85462891'}]",[],[],3,0,0,"['urgent', 'oxygen', 'dwarka', 'delhi', 'dwarka']",[],https://twitter.com/MonkChandan/status/1388406047702851585,False,,0,,,,,,,,[],,,,
1388372615127961602,1388372615127961602,2021-04-30 23:00:00 PDT,2021-04-30,23:00:00,-0700,98402963,yasminpasha,yasmin pasha,,"#COVID #SOS  Urgent #Oxygen to Be delivered at   WZ 24/1, MUKHERJEE PARK, CHOKHANDI ROAD, #TILAKNAGAR, #DELHI 110018  Patient needs Oxygen   Contact Phone number:  Sonia +919582737060",en,[],[],[],0,0,0,"['covid', 'sos', 'oxygen', 'tilaknagar', 'delhi']",[],https://twitter.com/yasminpasha/status/1388372615127961602,False,https://twitter.com/Wangu_News18/status/1388370478117515268,0,,,,,,,,[],,,,
1388323801956425729,1388323801956425729,2021-04-30 19:46:02 PDT,2021-04-30,19:46:02,-0700,2901749886,poojaprasanna03,Pooja Prasanna,,"#SCAM ALERT #DELHI #OXYGEN Sachin Agarwal- +919083499035 took money from my friend promising to deliver a cylinder, has now switched his phone off.  BEWARE do not reach out to this number and spread as widely as you can  the numbers in the screenshots are part of the same racket  https://t.co/weA0vzb70o",en,[],[],"['https://pbs.twimg.com/media/E0RRIImVEAARRBo.jpg', 'https://pbs.twimg.com/media/E0RRIZkUUAExexu.jpg', 'https://pbs.twimg.com/media/E0RRIppVgAEd9Cr.jpg', 'https://pbs.twimg.com/media/E0RRI5lUUAArKFu.jpg']",1,0,3,"['scam', 'delhi', 'oxygen']",[],https://twitter.com/poojaprasanna03/status/1388323801956425729,False,,1,https://pbs.twimg.com/media/E0RRIImVEAARRBo.jpg,,,,,,,[],,,,
1388127899396427776,1388127899396427776,2021-04-30 06:47:36 PDT,2021-04-30,06:47:36,-0700,350728896,su4ita,Sucharita Tyagi,,"#SCAM ALERT #DELHI #OXYGEN Sachin Agarwal- +919083499035 took money from my friend promising to deliver a cylinder, has now switched his phone off.  BEWARE do not reach out to this number and spread as widely as you can  the numbers in the screenshots are part of the same racket  https://t.co/3caK6yo0Od",en,[],[],"['https://pbs.twimg.com/media/E0OeX82VUAEgaaX.jpg', 'https://pbs.twimg.com/media/E0OeYlRVkAUTRn3.jpg', 'https://pbs.twimg.com/media/E0OdeICUcAcGvcG.jpg', 'https://pbs.twimg.com/media/E0Odgh-VUAMp2WB.jpg']",23,506,367,"['scam', 'delhi', 'oxygen']",[],https://twitter.com/Su4ita/status/1388127899396427776,False,,1,https://pbs.twimg.com/media/E0OeX82VUAEgaaX.jpg,,,,,,,[],,,,
1388024584515964931,1388024584515964931,2021-04-29 23:57:03 PDT,2021-04-29,23:57:03,-0700,98402963,yasminpasha,yasmin pasha,,"‚úÖ ùêïùêûùê´ùê¢ùêüùê¢ùêûùêù DELHI Oxygen Refilling Available 10kg only, 2 PM onwards  Free Service  Location : A-304, lane 7, New Lahore Colony Shastri Nagar, Master Plan Road   https://t.co/4qQ7AJlqsb‚Ä¶ Phone: Kapil Puri - +91 72909 51034  Last Verified @ 4/30/21 9:50 AM #Delhi #Oxygen",en,[],['http://maps.app.goo.gl/3HRh8MiQgKMVHU'],[],0,1,0,"['delhi', 'oxygen']",[],https://twitter.com/yasminpasha/status/1388024584515964931,False,https://twitter.com/COVResourcesIn/status/1387986501816905729,0,,,,,,,,[],,,,
1388020464098766850,1388018329898524673,2021-04-29 23:40:41 PDT,2021-04-29,23:40:41,-0700,906728109151420416,bhardwaj719,Bhanu,,"@aggarwalakash13 @koulanshita ICU in #Delhi 9654535285 rohini 9310586617 ambedkar hospital These r #verified* 30 beds h Sardar Patel COVID Centre, #Delhi - 500 #oxygen and #ventilator beds available: Verified‚úÖ #Delhi bed available 011-26655959 011-26655969Please confirm first by phone",en,[],[],[],2,3,1,"['delhi', 'verified', 'delhi', 'oxygen', 'ventilator', 'delhi']",[],https://twitter.com/bhardwaj719/status/1388020464098766850,False,,0,,,,,,,,"[{'screen_name': 'aggarwalakash13', 'name': 'aggarwal.akash', 'id': '3061461103'}, {'screen_name': 'koulanshita', 'name': 'Anshita Koul', 'id': '126531208'}]",,,,
1388019647237087233,1388019647237087233,2021-04-29 23:37:26 PDT,2021-04-29,23:37:26,-0700,1084135720653021184,chill_naa_baby_,Bhavya Sh√£rma,,"ICU in #Delhi 9654535285 rohini 9310586617 ambedkar hospital These r #verified* 30 beds h Sardar Patel COVID Centre, #Delhi - 500 #oxygen and #ventilator beds available: Verified‚úÖ #Delhi bed available 011-26655959 011-26655969Please confirm first by phone",en,[],[],[],0,1,1,"['delhi', 'verified', 'delhi', 'oxygen', 'ventilator', 'delhi']",[],https://twitter.com/chill_naa_baby_/status/1388019647237087233,False,,0,,,,,,,,[],,,,
1388015781447929856,1387989883394789377,2021-04-29 23:22:05 PDT,2021-04-29,23:22:05,-0700,713178938533498880,madric85,Richa Gupta,,"@salonayyy ICU in #Delhi 9654535285 rohini 9310586617 ambedkar hospital These r #verified* 30 beds h Sardar Patel COVID Centre, #Delhi - 500 #oxygen and #ventilator beds available:Verified, Delhi bed available 011-26655959 011-26655969Please confirm first by phone",en,[],[],[],0,2,1,"['delhi', 'verified', 'delhi', 'oxygen', 'ventilator']",[],https://twitter.com/Madric85/status/1388015781447929856,False,,0,,,,,,,,"[{'screen_name': 'salonayyy', 'name': 'Saloni Gaur', 'id': '889414427786825728'}]",,,,
1388010128432013312,1387995589418254340,2021-04-29 22:59:37 PDT,2021-04-29,22:59:37,-0700,739118568730595328,iamandeepchawla,Amandeep Chawla,,"@Samkaul Please contact here:  Oxygen - Delhi  #Oxygen #Delhi #CovidHelp  We just verified it if phone doesn't go through just Whatsapp him  Contact Person: 9057507489(Rakesh)  Address: Opp metro Pillar 560, Mundka, Delhi  Verified by @sakshhiii__",en,"[{'screen_name': 'sakshhiii__', 'name': 'sakshi kondvilkar', 'id': '1051606300319207425'}]",[],[],1,4,2,"['oxygen', 'delhi', 'covidhelp']",[],https://twitter.com/iamandeepchawla/status/1388010128432013312,False,,0,,,,,,,,"[{'screen_name': 'Samkaul', 'name': 'Dr Sameer Kaul', 'id': '333556269'}]",,,,
1387999892207853573,1387999892207853573,2021-04-29 22:18:56 PDT,2021-04-29,22:18:56,-0700,1165129259528011776,mynkjhaaa,Mayank// rting covid resources,,"#DELHI #Oxygen Refilling Available Free Service 10kg, from 2 pm onwards   Location : A-304, lane 7, New Lahore Colony Shastri Nagar, Master Plan Road   https://t.co/8rMZRJIXzV Phone: Kapil Puri - +91 72909 51034  Last #Verified 10:45 AM @Keshu__10 @beingisk @Isolate21261459",en,"[{'screen_name': 'keshu__10', 'name': 'keshu x', 'id': '1273149160578039809'}, {'screen_name': 'beingisk', 'name': 'anonymous_‚ù§Ô∏è', 'id': '929014697784782848'}, {'screen_name': 'isolate21261459', 'name': 'covid social media helper/rting covid tweets', 'id': '1334184085481132033'}]",['https://maps.app.goo.gl/3HRh8MiQgKMVHU5o6'],[],0,4,0,"['delhi', 'oxygen', 'verified']",[],https://twitter.com/mynkjhaaa/status/1387999892207853573,False,,0,,,,,,,,[],,,,
1387999060389285889,1387995879273951232,2021-04-29 22:15:38 PDT,2021-04-29,22:15:38,-0700,1292371890401509377,suds0812,Sudeshna Singh,,"@PraffulSaxena0 ‚úÖ ùêïùêûùê´ùê¢ùêüùê¢ùêûùêù DELHI Oxygen Refilling Available 10kg only, 2 PM onwards  Free Service  Location : A-304, lane 7, New Lahore Colony Shastri Nagar, Master Plan Road   https://t.co/rnu3iV1KFu  Phone: Kapil Puri - +91 72909 51034  Last Verified @ 4/30/21 9:50 AM #Delhi #Oxygen",en,[],['https://maps.app.goo.gl/3HRh8MiQgKMVHU5o6'],[],1,2,3,"['delhi', 'oxygen']",[],https://twitter.com/suds0812/status/1387999060389285889,False,,0,,,,,,,,"[{'screen_name': 'PraffulSaxena0', 'name': 'Prafful', 'id': '1151556673254805504'}]",,,,
1387997592034836484,1387997592034836484,2021-04-29 22:09:48 PDT,2021-04-29,22:09:48,-0700,1278897504604483587,theblackhole_0,Dark Knight,,"‚úÖ ùêïùêûùê´ùê¢ùêüùê¢ùêûùêù DELHI Oxygen Refilling Available 10kg only, 2 PM onwards  Free Service  Location : A-304, lane 7, New Lahore Colony Shastri Nagar, Master Plan Road   https://t.co/r01S8EGt1U Phone: Kapil Puri - +91 72909 51034  Last Verified @ 4/30/21 9:50 AM #Delhi #Oxygen",en,[],['https://maps.app.goo.gl/3HRh8MiQgKMVHU5o6'],[],0,2,1,"['delhi', 'oxygen']",[],https://twitter.com/TheBlackHole_0/status/1387997592034836484,False,https://twitter.com/COVResourcesIn/status/1387986501816905729,0,,,,,,,,[],,,,
1387993474293587975,1387989089148805121,2021-04-29 21:53:26 PDT,2021-04-29,21:53:26,-0700,118145707,sntmanju,SN TIWARI,,"@bluntlySubtle @TajinderBagga Oxygen Refilling Available 10kg only, 2 PM onwards  Free Service  Location : A-304, lane 7, New Lahore Colony Shastri Nagar, Master Plan Road   https://t.co/90iD85JZ8J Phone: Kapil Puri - +91 72909 51034  Last Verified @ 4/30/21 9:50 AM #Delhi #Oxygen",en,[],['https://maps.app.goo.gl/3HRh8MiQgKMVHU5o6'],[],0,1,0,"['delhi', 'oxygen']",[],https://twitter.com/sntmanju/status/1387993474293587975,False,,0,,,,,,,,"[{'screen_name': 'bluntlySubtle', 'name': 'SP', 'id': '2479286497'}, {'screen_name': 'TajinderBagga', 'name': 'Tajinder Pal Singh Bagga', 'id': '85462891'}]",,,,
1387992266631905284,1387990858721501189,2021-04-29 21:48:38 PDT,2021-04-29,21:48:38,-0700,2560189817,lokendra_nayak,The Engineer Bro ‚öôÔ∏è,,"@abhisar_sharma @DrKumarVishwas ‚úÖ ùêïùêûùê´ùê¢ùêüùê¢ùêûùêù DELHI Oxygen Refilling Available 10kg only, 2 PM onwards  Free Service  Location : A-304, lane 7, New Lahore Colony Shastri Nagar, Master Plan Road   https://t.co/ALdcAO4GQ8 Phone: Kapil Puri - +91 72909 51034  Last Verified @ 4/30/21 9:50 AM #Delhi #Oxygen",en,[],['https://maps.app.goo.gl/3HRh8MiQgKMVHU5o6'],[],0,3,4,"['delhi', 'oxygen']",[],https://twitter.com/lokendra_nayak/status/1387992266631905284,False,,0,,,,,,,,"[{'screen_name': 'abhisar_sharma', 'name': 'Abhisar Sharma', 'id': '56627441'}, {'screen_name': 'DrKumarVishwas', 'name': 'Dr Kumar Vishvas', 'id': '141633175'}]",,,,
1387986873004433413,1387986873004433413,2021-04-29 21:27:12 PDT,2021-04-29,21:27:12,-0700,170262339,amarxeon,Amardeep S Reen,,"‚úÖ ùêïùêûùê´ùê¢ùêüùê¢ùêûùêù #DELHI #Oxygen Refilling Available 10kg only, 2 PM onwards  Free Service  Location : A-304, lane 7, New Lahore Colony Shastri Nagar, Master Plan Road   https://t.co/3Ro77mVMpb‚Ä¶ Phone: Kapil Puri - +91 72909 51034  Last Verified @ 4/30/21 9:50 AM #delhioxygen",en,[],['http://maps.app.goo.gl/3HRh8MiQgKMVHU'],[],0,4,2,"['delhi', 'oxygen', 'delhioxygen']",[],https://twitter.com/amarxeon/status/1387986873004433413,False,,0,,,,,,,,[],,,,
1387986501816905729,1387986501816905729,2021-04-29 21:25:44 PDT,2021-04-29,21:25:44,-0700,1385700865378381824,covresourcesin,covidresources.in,,"‚úÖ ùêïùêûùê´ùê¢ùêüùê¢ùêûùêù DELHI Oxygen Refilling Available 10kg only, 2 PM onwards  Free Service  Location : A-304, lane 7, New Lahore Colony Shastri Nagar, Master Plan Road   https://t.co/7TEvyxIq1t Phone: Kapil Puri - +91 72909 51034  Last Verified @ 4/30/21 9:50 AM #Delhi #Oxygen",en,[],['https://maps.app.goo.gl/3HRh8MiQgKMVHU5o6'],[],0,107,39,"['delhi', 'oxygen']",[],https://twitter.com/COVResourcesIn/status/1387986501816905729,False,,0,,,,,,,,[],,,,
1387981174912425991,1387981174912425991,2021-04-29 21:04:34 PDT,2021-04-29,21:04:34,-0700,4083393672,tanuluvshreya,Tanu | DM for COVID help,,"ICU in #Delhi 9654535285 rohini 9310586617 ambedkar hospital These r #verified* 30 beds h Sardar Patel COVID Centre, #Delhi - 500 #oxygen and #ventilator beds available:Verified, Delhi bed available 011-26655959 011-26655969Please confirm first by phone",en,[],[],[],3,9,7,"['delhi', 'verified', 'delhi', 'oxygen', 'ventilator']",[],https://twitter.com/TanuLuvShreya/status/1387981174912425991,False,,0,,,,,,,,[],,,,
1387957458870542337,1387957458870542337,2021-04-29 19:30:19 PDT,2021-04-29,19:30:19,-0700,926309671773683712,aaravseth_,AaravSeth,,"Dear @SonuSood Sir,  Urgent  Attention Required.   Patient Name: Dinesh ICU BED &amp; #Oxygen Cylinder required.  Location: Sarita Vihar, #Delhi Phone no:+919810017652 Oxygen Level: 79  The patient's condition is continuously deteriorating.   @LicypriyaK @ArvindKejriwal @ReallySwara  https://t.co/eoyPf6y1Ut",en,"[{'screen_name': 'sonusood', 'name': 'sonu sood', 'id': '295026890'}, {'screen_name': 'licypriyak', 'name': 'licypriya kangujam', 'id': '1124022135335325696'}, {'screen_name': 'arvindkejriwal', 'name': 'arvind kejriwal', 'id': '405427035'}, {'screen_name': 'reallyswara', 'name': 'swara bhasker', 'id': '1546101560'}]",[],[],6,51,50,"['oxygen', 'delhi']",[],https://twitter.com/AaravSeth_/status/1387957458870542337,False,,1,https://pbs.twimg.com/ext_tw_video_thumb/1387957412607365121/pu/img/fFcweO2CjzyHu5gS.jpg,,,,,,,[],,,,
1387794482502848512,1387794482502848512,2021-04-29 08:42:43 PDT,2021-04-29,08:42:43,-0700,929594730471493633,csishikaagrawal,Ishika Agrawal,,#oxygen #refill #delhi For oxygen cylinder refill in delhi Please visit star special Air gases private limited in Manesar Phone no- 7703940131  https://t.co/zGalIgTvnR,en,[],[],[],1,11,11,"['oxygen', 'refill', 'delhi']",[],https://twitter.com/csishikaagrawal/status/1387794482502848512,False,,1,https://pbs.twimg.com/ext_tw_video_thumb/1387794254630510594/pu/img/dEOsfzgbeG4r_-9u.jpg,,,,,,,[],,,,
1387776005587316737,1387776005587316737,2021-04-29 07:29:18 PDT,2021-04-29,07:29:18,-0700,1292371890401509377,suds0812,Sudeshna Singh,,"#Oxygen #Cylinders Free Refilling In #Delhi  Phone Number - 8802625297  Address - Turakman Gate , Haj House , Delhi   Refilling Will Begin From 9pm Onwards   Verified As Of 7:30 29/04",en,[],[],[],0,0,1,"['oxygen', 'cylinders', 'delhi']",[],https://twitter.com/suds0812/status/1387776005587316737,False,,0,,,,,,,,[],,,,
1387674112286359554,1387674112286359554,2021-04-29 00:44:24 PDT,2021-04-29,00:44:24,-0700,1265950280476250112,iamrishabhnegi,Rishabh Negi,,OXYGEN Regulator Kit Only 9868053779 Akhil  E-4/11 Sector 11 Rohini Near G3S Cinemas Pls arrange for Digital Payment Only paytm/gpay/phone pe etc  9868053779  https://t.co/CxxDB5jXUy  #oxygenkit #Delhi #Oxygen  https://t.co/edu8fH1oVS,en,[],['https://maps.app.goo.gl/ycETEWtgZYGJ3LC48'],"['https://pbs.twimg.com/media/E0ICPK-UUAAq9zn.jpg', 'https://pbs.twimg.com/media/E0ICPcSUcAchR5b.jpg']",2,0,0,"['oxygenkit', 'delhi', 'oxygen']",[],https://twitter.com/iamrishabhnegi/status/1387674112286359554,False,,1,https://pbs.twimg.com/media/E0ICPK-UUAAq9zn.jpg,,,,,,,[],,,,
1387666141078724617,1387651265077776386,2021-04-29 00:12:44 PDT,2021-04-29,00:12:44,-0700,15073797,amitctweets,Amit Chandra,,@TanuLuvShreya #SOS Need #Hospital with #Bed #Oxygen for #Covid+ Patient: Pallavi sah Age: 31F Spo2: 30-35 without O2 Phone: 9953070003 #Chattarpur #Delhi,en,[],[],[],3,0,0,"['sos', 'hospital', 'bed', 'oxygen', 'covid', 'chattarpur', 'delhi']",[],https://twitter.com/AmitCTweets/status/1387666141078724617,False,,0,,,,,,,,"[{'screen_name': 'TanuLuvShreya', 'name': 'Tanu | DM for COVID help', 'id': '4083393672'}]",,,,
1387664117742198784,1387662650071425027,2021-04-29 00:04:41 PDT,2021-04-29,00:04:41,-0700,139779018,somyalakhani,Somya Lakhani,,"#HealthcareWorkers ko aur koi kaam nahi hai kya? Bas saara din phone ghoomate rahe -- aaj falana ko #Oxygen Chahiye, kal dhimkana ko Oxygen Chahiye.  Aam aadmi bhi saara din bas yahi kare ab?   Fix your shit. #HealthcareWorkers have too much on their plate anyway.  #Delhi",tl,[],[],[],1,2,11,"['healthcareworkers', 'oxygen', 'healthcareworkers', 'delhi']",[],https://twitter.com/somyalakhani/status/1387664117742198784,False,,0,,,,,,,,[],,,,
1387530929220947968,1387530929220947968,2021-04-28 15:15:27 PDT,2021-04-28,15:15:27,-0700,1277692606131187712,zaalimmanjha,Manish | covid resource amplifier bihar,,#delhi #oxygen #beds  Amount :90 Venue: Janakpuri Super speciality hospital Physical registration only Registration starts at 7:30 am 29th April Phone: 011 2850 4100 #Verified #VerifiedCovidResources,en,[],[],[],1,1,2,"['delhi', 'oxygen', 'beds', 'verified', 'verifiedcovidresources']",[],https://twitter.com/ZaalimManjha/status/1387530929220947968,False,,0,,,,,,,,[],,,,
1387494820042747904,1387492829899808772,2021-04-28 12:51:58 PDT,2021-04-28,12:51:58,-0700,1385527066154655745,zacku111,Zack Stark üò∑,,"@anksarin DELHI  IMPORTANT LEAD for #oxygen #beds 20+ Oxygen beds are available at Akshardham Sewa Bharti Covid facility in Delhi. Contact: Sandeep Phone No: 8851909927   There's not a 100% guarantee but at this time, chances are very high.  #Delhi #NCR #Noida",en,[],[],[],0,0,0,"['oxygen', 'beds', 'delhi', 'ncr', 'noida']",[],https://twitter.com/zacku111/status/1387494820042747904,False,,0,,,,,,,,"[{'screen_name': 'anksarin', 'name': 'Ankur Sarin', 'id': '955843740'}]",,,,
1387476931596021762,1387476931596021762,2021-04-28 11:40:53 PDT,2021-04-28,11:40:53,-0700,380179564,covid19help2021,CovidHelp (COVID19India),,"DELHI  IMPORTANT LEAD for #oxygen #beds 20+ Oxygen beds are available at Akshardham Sewa Bharti Covid facility in Delhi. Contact: Sandeep Phone No: 8851909927   There's not a 100% guarantee but at this time, chances are very high.  #Delhi #NCR #Noida",en,[],[],[],0,4,3,"['oxygen', 'beds', 'delhi', 'ncr', 'noida']",[],https://twitter.com/Covid19help2021/status/1387476931596021762,False,,0,,,,,,,,[],,,,
1387461209176231936,1387461209176231936,2021-04-28 10:38:24 PDT,2021-04-28,10:38:24,-0700,29404066,tarequelaskar,Tareque Laskar,,"Free #Oxygen cylinder refills available in #Delhi (but you‚Äôll have to go to DaryaGanj). I just spoke to them now (28/4/2021, 11PM) Phone: +91 78650 95786 #Verified   The Address is somewhere on Gali Kale Khan (near Phool Mandi School). Recommend to message &amp; cross check.  https://t.co/Gs80XkNsbH",en,[],[],['https://pbs.twimg.com/media/E0FAnKwVgAMiyKg.jpg'],0,2,1,"['oxygen', 'delhi', 'verified']",[],https://twitter.com/tarequelaskar/status/1387461209176231936,False,,1,https://pbs.twimg.com/media/E0FAnKwVgAMiyKg.jpg,,,,,,,[],,,,
1387399479620358151,1387399479620358151,2021-04-28 06:33:07 PDT,2021-04-28,06:33:07,-0700,42373,baxiabhishek,Abhishek Baxi,,#Oxygen refilling available in #Delhi.  7PM to 12 midnight or till stocks last.   Phone: +91 92122 35075 Location: Near Puth Khurd (Bawana Road)  https://t.co/VPHbaDOscD,en,[],['https://goo.gl/maps/vqYEL2WX2QuRrueq7'],[],1,27,11,"['oxygen', 'delhi']",[],https://twitter.com/baxiabhishek/status/1387399479620358151,False,,0,,,,,,,,[],,,,
1387338442921574401,1387338442921574401,2021-04-28 02:30:34 PDT,2021-04-28,02:30:34,-0700,1386154293279944704,missioncovidind,Krishnaüî±join rescue teamüôèüò∑,,29 #Oxygen beds are available at Akshardham Sewa Bharti Covid facility in #Delhi.  Contact: Sandeep Phone No: 8851909927  verified by a friend at 1:15 PM,en,[],[],[],0,1,2,"['oxygen', 'delhi']",[],https://twitter.com/missioncovidind/status/1387338442921574401,False,,0,,,,,,,,[],,,,
1387322689124110343,1387322689124110343,2021-04-28 01:27:58 PDT,2021-04-28,01:27:58,-0700,462065076,praveendixit485,Praveen Dixit üáÆüá≥,,"Anyone need #Oxygen Cylinder contact parmeet singh, Free of cost.  Please Connect at 9582822396  Alternative supplier is khalsa Aid.  phone number : +91 175 500 1300 whatsapp at : 9115609005  Only for #Delhi ...",en,[],[],[],1,1,0,"['oxygen', 'delhi']",[],https://twitter.com/praveendixit485/status/1387322689124110343,False,,0,,,,,,,,[],,,,
1387290323420794880,1387282414821543937,2021-04-27 23:19:22 PDT,2021-04-27,23:19:22,-0700,1918893415,amitmajhi10,Aj,,"@rjstutee Delhi pls help   #delhi  #Oxygen   Urgent need Oxygen cylinder in Delhi (vmayur vihar,phase 1) Pls help üôèüôèüôè  Patient oxygen level 69   Phone number: +919540025443 Rahul",en,[],[],[],1,0,0,"['delhi', 'oxygen']",[],https://twitter.com/amitmajhi10/status/1387290323420794880,False,,0,,,,,,,,"[{'screen_name': 'rjstutee', 'name': 'Stutee Ghosh', 'id': '187854133'}]",,,,
1387288438324359171,1387288438324359171,2021-04-27 23:11:52 PDT,2021-04-27,23:11:52,-0700,1358266131694329856,fakir01615565,Rahul,,#Delhi #Oxygen  can anyone physically verify it. as they are not picking phone.,en,[],[],[],0,1,1,"['delhi', 'oxygen']",[],https://twitter.com/Fakir01615565/status/1387288438324359171,False,https://twitter.com/noorzayyubi/status/1387284196423397379,0,,,,,,,,[],,,,
1387287720553181185,1387287720553181185,2021-04-27 23:09:01 PDT,2021-04-27,23:09:01,-0700,1918893415,amitmajhi10,Aj,,"Delhi pls help   #delhi  #Oxygen   Urgent need Oxygen cylinder or bed in Delhi (mayur vihar,phase 1) Pls help üôèüôèüôè  Patient oxygen level 69   Phone number: +919540025443 Rahul",en,[],[],[],2,1,0,"['delhi', 'oxygen']",[],https://twitter.com/amitmajhi10/status/1387287720553181185,False,,0,,,,,,,,[],,,,
1387239881278070784,1387239881278070784,2021-04-27 19:58:56 PDT,2021-04-27,19:58:56,-0700,302094264,suslovelygl,Hopeless hollow üèπ,,oxygen lead for delhi #delhi #oxygen only refill NameÔºödelhi oxygen PhoneÔºö8826035755Ôºõ,en,[],[],[],0,5,2,"['delhi', 'oxygen']",[],https://twitter.com/Suslovelygl/status/1387239881278070784,False,,0,,,,,,,,[],,,,
1387197977937145858,1387197977937145858,2021-04-27 17:12:25 PDT,2021-04-27,17:12:25,-0700,1234120578275119106,abhaynath25,Vicky Mishra,,Anyone Near #Delhi   #Oxygen #refill drive is going on currently at paramount crio gases in #mundka industrial area and his phone number is 92135 09413  Just verified it right now  Confirmed  #Delhi,en,[],[],[],0,13,6,"['delhi', 'oxygen', 'refill', 'mundka', 'delhi']",[],https://twitter.com/abhaynath25/status/1387197977937145858,False,,0,,,,,,,,[],,,,
1387177187900420099,1387177187900420099,2021-04-27 15:49:48 PDT,2021-04-27,15:49:48,-0700,1040021191,darrencaldeira,Darren Caldeira,,Oxygen refill drive is going on currently at Paramount crio gases in Mundka Industrial area and his phone number is 9213509413  #Delhi #Oxygen,en,[],[],[],0,51,52,"['delhi', 'oxygen']",[],https://twitter.com/darrencaldeira/status/1387177187900420099,False,,0,,,,,,,,[],,,,
1387086798589808641,1387086798589808641,2021-04-27 09:50:38 PDT,2021-04-27,09:50:38,-0700,4804240195,paniswapnashree,spani,,"FRAUD ALERT  Harnavas Kumar, Faridabad Phone number : 9670911389 Did not reply after taking advance for oxygen cylinder. #Delhi #Oxygen",en,[],[],[],0,3,0,"['delhi', 'oxygen']",[],https://twitter.com/PaniSwapnashree/status/1387086798589808641,False,,0,,,,,,,,[],,,,
1386961617179480064,1386961617179480064,2021-04-27 01:33:12 PDT,2021-04-27,01:33:12,-0700,849635542295818240,abhishe05360324,abhishek,,"#Supplier   Verified Phone   Available   Ghaziabad  Rudra Singh  Oxygen  6am, 27th April  8726630313 #gaziabad #Delhi #uttarpardesh #DelhiFightsCorona #DelhiNeedsOxygen #CovidResources #COVIDEmergency2021 #CovidIndiaInfo #CovidSOS #COVIDSecondWave #COVIDEmergency2021 #Oxygen",en,[],[],[],3,1,0,"['supplier', 'gaziabad', 'delhi', 'uttarpardesh', 'delhifightscorona', 'delhineedsoxygen', 'covidresources', 'covidemergency2021', 'covidindiainfo', 'covidsos', 'covidsecondwave', 'covidemergency2021', 'oxygen']",[],https://twitter.com/abhishe05360324/status/1386961617179480064,False,,0,,,,,,,,[],,,,
1386942459070930945,1386942459070930945,2021-04-27 00:17:05 PDT,2021-04-27,00:17:05,-0700,1385109256056147974,advikaaa19,Advika,,"#SOS *Urgently oxygen Delhi NCR*  Oxygen cylinder, oxygen concentrator or oxygen can needed  Name: Kiran Sood  Oxygen lvl: Very low Area: Sector 30, Noida Phone: 9899160605, 7011926825, Empty cylinder will also work #OxygenEmergency #Oxygen #Delhi #Noida #OxygenCrisis",en,[],[],[],1,1,2,"['sos', 'oxygenemergency', 'oxygen', 'delhi', 'noida', 'oxygencrisis']",[],https://twitter.com/Advikaaa19/status/1386942459070930945,False,,0,,,,,,,,[],,,,
1386941617748074497,1386941617748074497,2021-04-27 00:13:44 PDT,2021-04-27,00:13:44,-0700,439850919,9gagtamizh,9GAG TAMIL,,"#Delhi #Beds 20 oxygen beds Available  Phone: 01125401075  Verified by a friend at 23:20 last night.  DDU Harinagar, delhi  #CovidHelp #Beds #Oxygen #CovidIndiaInfo",en,[],[],[],1,0,0,"['delhi', 'beds', 'covidhelp', 'beds', 'oxygen', 'covidindiainfo']",[],https://twitter.com/9gagtamizh/status/1386941617748074497,False,,0,,,,,,,,[],,,,
1386799499809488898,1386794803828903938,2021-04-26 14:49:00 PDT,2021-04-26,14:49:00,-0700,1298671500514361345,anushka_purohit,Anushka Purohit,,@Anupam_tiwari_ @GayatriiM #Oxygen Beds Available Sardar vallabbhai Patel hospital (East #Delhi) (Spo2 greater than 80) To registere give a call Phone : 01126655959,en,[],[],[],0,0,0,"['oxygen', 'delhi']",[],https://twitter.com/anushka_purohit/status/1386799499809488898,False,,0,,,,,,,,"[{'screen_name': 'Anupam_tiwari_', 'name': 'Anupam Tiwari', 'id': '4716527963'}, {'screen_name': 'GayatriiM', 'name': 'Gee', 'id': '36889093'}]",,,,
1386795476066832384,1386789574127456258,2021-04-26 14:33:01 PDT,2021-04-26,14:33:01,-0700,1298671500514361345,anushka_purohit,Anushka Purohit,,@RANUTHA12793945 @AkhileshKant do u need oxygen beds? #Oxygen Beds Available Sardar vallabbhai Patel hospital (East #Delhi) (Spo2 greater than 80) To registere give a call Phone : 01126655959 011- 26655547 011- 26655548 011- 26655549 011- 26655949 011- 26655969,en,[],[],[],2,0,1,"['oxygen', 'delhi']",[],https://twitter.com/anushka_purohit/status/1386795476066832384,False,,0,,,,,,,,"[{'screen_name': 'RANUTHA12793945', 'name': 'RANI THAKURü¶ã', 'id': '1299417808523210754'}, {'screen_name': 'AkhileshKant', 'name': 'Akhilesh Kant Jha', 'id': '2953868636'}]",,,,
1386794439998263296,1386771509515931650,2021-04-26 14:28:54 PDT,2021-04-26,14:28:54,-0700,1298671500514361345,anushka_purohit,Anushka Purohit,,@Mallika662 @ArvindKejriwal @MoHFW_INDIA @SatyendarJain #Oxygen Beds Available Sardar vallabbhai Patel hospital (East #Delhi) (Spo2 greater than 80) To registere give a call Phone : 01126655959,en,[],[],[],0,1,0,"['oxygen', 'delhi']",[],https://twitter.com/anushka_purohit/status/1386794439998263296,False,,0,,,,,,,,"[{'screen_name': 'Mallika662', 'name': 'Mallika', 'id': '1385346543616552963'}, {'screen_name': 'ArvindKejriwal', 'name': 'Arvind Kejriwal', 'id': '405427035'}, {'screen_name': 'MoHFW_INDIA', 'name': 'Ministry of Health', 'id': '2596143056'}, {'screen_name': 'SatyendarJain', 'name': 'Satyendar Jain', 'id': '362506755'}]",,,,
1386794063811121152,1386782410893783040,2021-04-26 14:27:24 PDT,2021-04-26,14:27:24,-0700,1298671500514361345,anushka_purohit,Anushka Purohit,,@paramprreet #Oxygen Beds Available Sardar vallabbhai Patel hospital (East #Delhi) (Spo2 greater than 80) To registere give a call Phone : 01126655959  oxygen beds,en,[],[],[],0,1,0,"['oxygen', 'delhi']",[],https://twitter.com/anushka_purohit/status/1386794063811121152,False,,0,,,,,,,,"[{'screen_name': 'paramprreet', 'name': 'Paramprreet Khuranna', 'id': '951642968'}]",,,,
1386793194327736320,1386790652109676544,2021-04-26 14:23:57 PDT,2021-04-26,14:23:57,-0700,4716527963,anupam_tiwari_,Anupam Tiwari,,@msquare27 @ARanganathan72 #Oxygen Beds Available Sardar vallabbhai Patel hospital (East #Delhi) (Spo2 greater than 80) To registere give a call Phone : 01126655959,en,[],[],[],1,0,1,"['oxygen', 'delhi']",[],https://twitter.com/Anupam_tiwari_/status/1386793194327736320,False,,0,,,,,,,,"[{'screen_name': 'msquare27', 'name': 'Mousumi Mullick', 'id': '44679217'}, {'screen_name': 'ARanganathan72', 'name': 'Anand Ranganathan', 'id': '1344897174'}]",,,,
1386793101142892546,1386792792593031172,2021-04-26 14:23:35 PDT,2021-04-26,14:23:35,-0700,4716527963,anupam_tiwari_,Anupam Tiwari,,@AnmolSaluja16 #Oxygen Beds Available Sardar vallabbhai Patel hospital (East #Delhi) (Spo2 greater than 80) To registere give a call Phone : 01126655959,en,[],[],[],1,1,0,"['oxygen', 'delhi']",[],https://twitter.com/Anupam_tiwari_/status/1386793101142892546,False,,0,,,,,,,,"[{'screen_name': 'AnmolSaluja16', 'name': 'Anmol Saluja', 'id': '1010183591316213761'}]",,,,
1386793007022673920,1386782410893783040,2021-04-26 14:23:12 PDT,2021-04-26,14:23:12,-0700,1298671500514361345,anushka_purohit,Anushka Purohit,,@deadlyranjeet #Oxygen Beds Available Sardar vallabbhai Patel hospital (East #Delhi) (Spo2 greater than 80) To registere give a call Phone : 01126655959,en,[],[],[],1,0,1,"['oxygen', 'delhi']",[],https://twitter.com/anushka_purohit/status/1386793007022673920,False,,0,,,,,,,,"[{'screen_name': 'deadlyranjeet', 'name': 'thor_ke_papa', 'id': '175644443'}]",,,,
1386792942413651968,1386782410893783040,2021-04-26 14:22:57 PDT,2021-04-26,14:22:57,-0700,1298671500514361345,anushka_purohit,Anushka Purohit,,"@akashstronaut this they will not tell us without patient info, need to share that w them   #Oxygen Beds Available Sardar vallabbhai Patel hospital (East #Delhi) (Spo2 greater than 80) To registere give a call Phone : 01126655959",en,[],[],[],1,3,2,"['oxygen', 'delhi']",[],https://twitter.com/anushka_purohit/status/1386792942413651968,False,,0,,,,,,,,"[{'screen_name': 'akashstronaut', 'name': 'Ak', 'id': '2904565848'}]",,,,
1386792824331333633,1386789574127456258,2021-04-26 14:22:29 PDT,2021-04-26,14:22:29,-0700,1298671500514361345,anushka_purohit,Anushka Purohit,,@negi_was_here @ismriti_spn @AkhileshKant #Oxygen Beds Available Sardar vallabbhai Patel hospital (East #Delhi) (Spo2 greater than 80) To registere give a call Phone : 01126655959,en,[],[],[],0,0,0,"['oxygen', 'delhi']",[],https://twitter.com/anushka_purohit/status/1386792824331333633,False,,0,,,,,,,,"[{'screen_name': 'negi_was_here', 'name': 'siddhant negi', 'id': '1215293689926340611'}, {'screen_name': 'ismriti_spn', 'name': 'ISMRITI GUPTA', 'id': '1260626185047982088'}, {'screen_name': 'AkhileshKant', 'name': 'Akhilesh Kant Jha', 'id': '2953868636'}]",,,,
1386792770858225664,1386785662033006594,2021-04-26 14:22:16 PDT,2021-04-26,14:22:16,-0700,1298671500514361345,anushka_purohit,Anushka Purohit,,@RubikaLiyaquat #Oxygen Beds Available Sardar vallabbhai Patel hospital (East #Delhi) (Spo2 greater than 80) To registere give a call Phone : 01126655959,en,[],[],[],0,2,3,"['oxygen', 'delhi']",[],https://twitter.com/anushka_purohit/status/1386792770858225664,False,,0,,,,,,,,"[{'screen_name': 'RubikaLiyaquat', 'name': 'Rubika Liyaquat', 'id': '1062742964'}]",,,,
1386792706827964421,1386789574127456258,2021-04-26 14:22:01 PDT,2021-04-26,14:22:01,-0700,1298671500514361345,anushka_purohit,Anushka Purohit,,@ismriti_spn @negi_was_here @AkhileshKant #Oxygen Beds Available Sardar vallabbhai Patel hospital (East #Delhi) (Spo2 greater than 80) To registere give a call Phone : 01126655959,en,[],[],[],0,0,1,"['oxygen', 'delhi']",[],https://twitter.com/anushka_purohit/status/1386792706827964421,False,,0,,,,,,,,"[{'screen_name': 'ismriti_spn', 'name': 'ISMRITI GUPTA', 'id': '1260626185047982088'}, {'screen_name': 'negi_was_here', 'name': 'siddhant negi', 'id': '1215293689926340611'}, {'screen_name': 'AkhileshKant', 'name': 'Akhilesh Kant Jha', 'id': '2953868636'}]",,,,
1386792664633282565,1386785203578802176,2021-04-26 14:21:51 PDT,2021-04-26,14:21:51,-0700,1298671500514361345,anushka_purohit,Anushka Purohit,,@SehalMittal @pawanshharma @ArvindKejriwal @WHO @PMOIndia @AmitShah @SonuSood @DelhiTimesTweet @DelhiPolice @MoHFW_INDIA @ManojTiwariMP #Oxygen Beds Available Sardar vallabbhai Patel hospital (East #Delhi) (Spo2 greater than 80) To registere give a call Phone : 01126655959,en,[],[],[],1,0,0,"['oxygen', 'delhi']",[],https://twitter.com/anushka_purohit/status/1386792664633282565,False,,0,,,,,,,,"[{'screen_name': 'SehalMittal', 'name': 'Sehal Mittal', 'id': '905539571533750272'}, {'screen_name': 'pawanshharma', 'name': 'Pawan Shharma', 'id': '146111386'}, {'screen_name': 'ArvindKejriwal', 'name': 'Arvind Kejriwal', 'id': '405427035'}, {'screen_name': 'WHO', 'name': 'World Health Organization (WHO)', 'id': '14499829'}, {'screen_name': 'PMOIndia', 'name': 'PMO India', 'id': '471741741'}, {'screen_name': 'AmitShah', 'name': 'Amit Shah', 'id': '1447949844'}, {'screen_name': 'SonuSood', 'name': 'sonu sood', 'id': '295026890'}, {'screen_name': 'DelhiTimesTweet', 'name': 'Delhi Times', 'id': '792319352846426118'}, {'screen_name': 'DelhiPolice', 'name': '#DilKiPolice Delhi Police', 'id': '1850705408'}, {'screen_name': 'MoHFW_INDIA', 'name': 'Ministry of Health', 'id': '2596143056'}, {'screen_name': 'ManojTiwariMP', 'name': 'Manoj Tiwari', 'id': '3314976162'}]",,,,
1386792638167146498,1386789574127456258,2021-04-26 14:21:44 PDT,2021-04-26,14:21:44,-0700,1298671500514361345,anushka_purohit,Anushka Purohit,,@negi_was_here @ismriti_spn @AkhileshKant #Oxygen Beds Available Sardar vallabbhai Patel hospital (East #Delhi) (Spo2 greater than 80) To registere give a call Phone : 01126655959,en,[],[],[],1,0,1,"['oxygen', 'delhi']",[],https://twitter.com/anushka_purohit/status/1386792638167146498,False,,0,,,,,,,,"[{'screen_name': 'negi_was_here', 'name': 'siddhant negi', 'id': '1215293689926340611'}, {'screen_name': 'ismriti_spn', 'name': 'ISMRITI GUPTA', 'id': '1260626185047982088'}, {'screen_name': 'AkhileshKant', 'name': 'Akhilesh Kant Jha', 'id': '2953868636'}]",,,,
1386792590087835648,1386782410893783040,2021-04-26 14:21:33 PDT,2021-04-26,14:21:33,-0700,1298671500514361345,anushka_purohit,Anushka Purohit,,#Oxygen Beds Available Sardar vallabbhai Patel hospital (East #Delhi) (Spo2 greater than 80) To registere give a call Phone : 01126655959  #oxygen #beds #delhi,en,[],[],[],1,3,3,"['oxygen', 'delhi', 'oxygen', 'beds', 'delhi']",[],https://twitter.com/anushka_purohit/status/1386792590087835648,False,,0,,,,,,,,[],,,,
1386788208847966213,1386788208847966213,2021-04-26 14:04:08 PDT,2021-04-26,14:04:08,-0700,380179564,covid19help2021,CovidHelp (COVID19India),,@CMODelhi @PMOIndia #Oxygen Beds Available Sardar vallabbhai Patel hospital (East #Delhi) (Spo2 greater than 80) To registere give a call Phone : 01126655959 Note: they admitting only Post registered patients Verified by team just now ‚úÖ‚úÖ Rt to amplify #COVIDEmergency2021  https://t.co/mLx6Q4GBFJ,en,"[{'screen_name': 'pmoindia', 'name': 'pmo india', 'id': '471741741'}]",[],"['https://pbs.twimg.com/media/Ez7chDPVcAAKFZ9.jpg', 'https://pbs.twimg.com/media/Ez7chqwVcAA5AFX.jpg']",2,6,3,"['oxygen', 'delhi', 'covidemergency2021']",[],https://twitter.com/Covid19help2021/status/1386788208847966213,False,,1,https://pbs.twimg.com/media/Ez7chDPVcAAKFZ9.jpg,,,,,,,[],,,,
1386750210924183554,1386198680160542720,2021-04-26 11:33:09 PDT,2021-04-26,11:33:09,-0700,4812902508,jinkibub,DON'T CALL ME,,"@divanshikhera Self verified  As of April 26, 11:50pm  #oxygen #concentrator in #Delhi #COVID19  https://t.co/LLNB242RqO",en,[],[],['https://pbs.twimg.com/media/Ez65kDMVcAIQn6S.jpg'],0,0,1,"['oxygen', 'concentrator', 'delhi', 'covid19']",[],https://twitter.com/Jinkibub/status/1386750210924183554,False,,1,https://pbs.twimg.com/media/Ez65kDMVcAIQn6S.jpg,,,,,,,"[{'screen_name': 'divanshikhera', 'name': 'Dr. Divanshi Khera', 'id': '882671033936863232'}]",,,,
1386604102302396418,1386604102302396418,2021-04-26 01:52:34 PDT,2021-04-26,01:52:34,-0700,98119689,saleemmohdkhan,Dr Saleem Mohammad Khan,,"#Delhi #SOS #Oxygen #Cylinder needed for a family in Delhi  S.A.M. Rizvi S-21, Flat No. 3, First Floor, Khirki Ext., Malviya Nagar, N. Delhi-110017.  Phone 9650094205 / 9811189503 #amplify #RT #Share #COVID19",en,[],[],[],4,14,30,"['delhi', 'sos', 'oxygen', 'cylinder', 'amplify', 'rt', 'share', 'covid19']",[],https://twitter.com/saleemmohdkhan/status/1386604102302396418,False,,0,,,,,,,,[],,,,
1386557949171027969,1386473929963753475,2021-04-25 22:49:10 PDT,2021-04-25,22:49:10,-0700,1159047938699681793,imshahdev,Dev Shah,,"@afzalistan @SonuSood Around 1000 oxygen  beds available in delhi area: Radha Soami Satsang-Beas, Bhati mines, Chhatarpur, nr Sawan public school qutub minar road delhi - phone : 01126654913-17 #COVID19 #Delhi #Oxygen #Beds #DelhiCovid",en,[],[],[],0,1,0,"['covid19', 'delhi', 'oxygen', 'beds', 'delhicovid']",[],https://twitter.com/imshahdev/status/1386557949171027969,False,,0,,,,,,,,"[{'screen_name': 'afzalistan', 'name': 'Syed Ahmad AfzƒÅl (‡§Ö‡§´‡§º‡•ç‡§ú‡§º‡§æ‡§≤)', 'id': '28985036'}, {'screen_name': 'SonuSood', 'name': 'sonu sood', 'id': '295026890'}]",,,,
1386557403546624003,1386557403546624003,2021-04-25 22:47:00 PDT,2021-04-25,22:47:00,-0700,1159047938699681793,imshahdev,Dev Shah,,"Around 1000 oxygen  beds available in delhi area: Radha Soami Satsang-Beas, Bhati mines, Chhatarpur, nr Sawan public school qutub minar road delhi - phone : 01126654913-17 #COVID19 #Delhi #Oxygen #Beds #DelhiCovid",en,[],[],[],0,0,1,"['covid19', 'delhi', 'oxygen', 'beds', 'delhicovid']",[],https://twitter.com/imshahdev/status/1386557403546624003,False,https://twitter.com/RandeepHooda/status/1386548445075308546,0,,,,,,,,[],,,,
1386548662977789954,1385884206778122241,2021-04-25 22:12:16 PDT,2021-04-25,22:12:16,-0700,1918893415,amitmajhi10,Aj,,@syedzakiahmed_ Delhi pls help   #delhi  #Oxygen   Urgent need Oxygen cylinder in Delhi (vikas puri) Pls help üôèüôèüôè  Patient oxygen level 66  Phone number: 08376960962,en,[],[],[],1,0,0,"['delhi', 'oxygen']",[],https://twitter.com/amitmajhi10/status/1386548662977789954,False,,0,,,,,,,,"[{'screen_name': 'syedzakiahmed_', 'name': 'Syed zaki Ahmed', 'id': '894949154518056960'}]",,,,
1386548074328199168,1386548074328199168,2021-04-25 22:09:56 PDT,2021-04-25,22:09:56,-0700,1918893415,amitmajhi10,Aj,,Delhi pls help   #delhi  #Oxygen   Urgent need Oxygen cylinder in Delhi (vikas puri) Pls help üôèüôèüôè  Patient oxygen level 66   Phone number: 08376960962,en,[],[],[],1,0,0,"['delhi', 'oxygen']",[],https://twitter.com/amitmajhi10/status/1386548074328199168,False,,0,,,,,,,,[],,,,
1386533868371513344,1386533868371513344,2021-04-25 21:13:29 PDT,2021-04-25,21:13:29,-0700,286520757,lavanyaballal,Lavanya Ballal | ‡≤≤‡≤æ‡≤µ‡≤£‡≥ç‡≤Ø ‡≤¨‡≤≤‡≥ç‡≤≤‡≤æ‡≤≥‡≥ç,,"Delhi pls help   #delhi  #Oxygen   Urgent need Oxygen cylinder in Delhi (vasant vihar) Pls help üôèüôèüôè  Patient oxygen level 45   MP Mamgain  26-D, Block-26, CGH complex , Vasant vihar , New Delhi 57( near Priya cinema )  Phone number: 09871478354",en,[],[],[],21,165,196,"['delhi', 'oxygen']",[],https://twitter.com/LavanyaBallal/status/1386533868371513344,False,,0,,,,,,,,[],,,,
1386530489486364674,1386523197533827080,2021-04-25 21:00:03 PDT,2021-04-25,21:00:03,-0700,3834835873,sujanian17,Nitesh Bhatt üáÆüá≥,,"@NayakRagini @srinivasiyc #delhi  #Oxygen   Urgent need Oxygen cylinder in Delhi (vasant vihar) Pls help üôèüôèüôè  Patient oxygen level 45   MP Mamgain  26-D, Block-26, CGH complex , Vasant vihar , New Delhi 57( near Priya cinema )  Phone number: 09871478354",en,[],[],[],1,0,0,"['delhi', 'oxygen']",[],https://twitter.com/Sujanian17/status/1386530489486364674,False,,0,,,,,,,,"[{'screen_name': 'NayakRagini', 'name': 'Dr. Ragini Nayak', 'id': '2331591042'}, {'screen_name': 'srinivasiyc', 'name': 'Srinivas B V', 'id': '576533046'}]",,,,
1386530223185809410,1386522787100053513,2021-04-25 20:59:00 PDT,2021-04-25,20:59:00,-0700,3834835873,sujanian17,Nitesh Bhatt üáÆüá≥,,"@Supriya23bh #delhi  #Oxygen   Urgent need Oxygen cylinder in Delhi (vasant vihar) Pls help üôèüôèüôè  Patient oxygen level 45   MP Mamgain  26-D, Block-26, CGH complex , Vasant vihar , New Delhi 57( near Priya cinema )  Phone number: 09871478354",en,[],[],[],1,1,0,"['delhi', 'oxygen']",[],https://twitter.com/Sujanian17/status/1386530223185809410,False,,0,,,,,,,,"[{'screen_name': 'Supriya23bh', 'name': 'Supriya Bhardwaj', 'id': '72283791'}]",,,,
1386374261284036611,1386374261284036611,2021-04-25 10:39:16 PDT,2021-04-25,10:39:16,-0700,135102232,deepadoc,Dr.Deepa Sharma,,"Around 1000 #oxygen beds will be available at Radha Soami Satsang, Beas Delhi Address:- Radha Soami Satsang -Beas, Bhati Mines, Chhatarpur, Nr. Sawan public school Qutub Minar road, #Delhi Phone: 011 26654913-17  #COVID19India #CovidResources #COVIDEmergency2021  https://t.co/wzzjo6MXLA",en,[],[],['https://pbs.twimg.com/media/Ez1kCv7VIAAYGLA.jpg'],3,10,16,"['oxygen', 'delhi', 'covid19india', 'covidresources', 'covidemergency2021']",[],https://twitter.com/deepadoc/status/1386374261284036611,False,,1,https://pbs.twimg.com/media/Ez1kCv7VIAAYGLA.jpg,,,,,,,[],,,,
1386372352183717890,1386372352183717890,2021-04-25 10:31:40 PDT,2021-04-25,10:31:40,-0700,857700600389173249,kritika_gayatri,Kritika Gayatri,,"Tomorrow (26/04/2021) at 10 am 500 oxygen beds will be available at Radha Soami Satsang Beas at Chhatarpur Delhi Address: Radha Soami Satsang -Beas, Bhati Mines, Chhatarpur, Nr. Sawan public school Qutub Minar road, Delhi Phone: 011 26654913-17 #delhi #Oxygen #COVIDEmergency2021",en,[],[],[],1,0,1,"['delhi', 'oxygen', 'covidemergency2021']",[],https://twitter.com/kritika_gayatri/status/1386372352183717890,False,,0,,,,,,,,[],,,,
1386370495151448064,1386370495151448064,2021-04-25 10:24:18 PDT,2021-04-25,10:24:18,-0700,99936493,jascorr,Jasmeet Bhogal,,Need oxygen for a family member in janakpuri ... please share cerified phone numbers #COVID19India #Oxygen #OxygenEmergency #delhi #Delhi #DelhiCovid,en,[],[],[],1,0,0,"['covid19india', 'oxygen', 'oxygenemergency', 'delhi', 'delhi', 'delhicovid']",[],https://twitter.com/jascorr/status/1386370495151448064,False,,0,,,,,,,,[],,,,
1386367789712044036,1386367789712044036,2021-04-25 10:13:33 PDT,2021-04-25,10:13:33,-0700,1264388068989112320,visheshvaibhav4,Vishesh,,Need Oxygen Cylinder in Delhi. Need a verified and promising lead.   Leads provided previously either switch off their phone or don't answer.  Please DM if lead is verified. Empty Cylinders would work too as refills would do. RT to amplify  Please help! Thanks. #oxygen #Delhi,en,[],[],[],3,0,0,"['oxygen', 'delhi']",[],https://twitter.com/VisheshVaibhav4/status/1386367789712044036,False,,0,,,,,,,,[],,,,
1386333230488375302,1386333230488375302,2021-04-25 07:56:13 PDT,2021-04-25,07:56:13,-0700,850770049,sidharthsshukla,Shukla Siddharth,,"#OxygenCylinders: Plot No. 809, Second Floor, Rd 42C, Sector 42, #Gurugram, #Haryana 122001 #Delhi #Oxygen Phone : +91 8700013641  Email : hemkuntfoundation13@gmail.com  https://t.co/3oqKO4EXFO",en,[],[],['https://pbs.twimg.com/media/Ez0-uBbVEAEUxLL.jpg'],2,2,1,"['oxygencylinders', 'gurugram', 'haryana', 'delhi', 'oxygen']",[],https://twitter.com/sidharthsshukla/status/1386333230488375302,False,,1,https://pbs.twimg.com/media/Ez0-uBbVEAEUxLL.jpg,,,,,,,[],,,,
1386290327250628612,1386275248006328320,2021-04-25 05:05:44 PDT,2021-04-25,05:05:44,-0700,126994914,sanjeetnmishra,Sanjeet N Mishra,,"@iamnarendranath Around 1000 #OxygenBeds will be available at Radha Soami Satsang, Beas Delhi. Address:- Radha Soami Satsang -Beas, Bhati Mines, Chhatarpur, Nr. Sawan Public School, Qutub Minar road, Delhi Phone: 011 26654913-17 #OxygenInDelhi #Oxygen #Delhi #COVID19",en,[],[],[],0,2,5,"['oxygenbeds', 'oxygenindelhi', 'oxygen', 'delhi', 'covid19']",[],https://twitter.com/sanjeetnmishra/status/1386290327250628612,False,,0,,,,,,,,"[{'screen_name': 'iamnarendranath', 'name': 'Narendra nath mishra', 'id': '67558336'}]",,,,
1386283544192819200,1386283544192819200,2021-04-25 04:38:47 PDT,2021-04-25,04:38:47,-0700,881777376496984064,powerofpublic,Public Speaks¬©Ô∏è,,"Around 1000 oxygen beds will b available at Radha Soami Satsang, Beas Delhi from Sun 25th.  Radha Soami Satsang -Beas, Bhati Mines, Chhatarpur, Nr Sawan public school Qutub Minar road, Delhi Phone: 011 26654913-17   #CovidIndia #OxygenCylinders  #Delhi  #Help #SOSDelhi #Oxygen",en,[],[],[],0,2,1,"['covidindia', 'oxygencylinders', 'delhi', 'help', 'sosdelhi', 'oxygen']",[],https://twitter.com/PowerOfPublic/status/1386283544192819200,False,,0,,,,,,,,[],,,,
1386267887350870018,1386267887350870018,2021-04-25 03:36:34 PDT,2021-04-25,03:36:34,-0700,1371688512039182337,call_me_akash_,Akash ( covid resources info ),,Self-verified   Contact: 9212154073 Service Available: Free #Oxygen refill for small cylinders City: #Delhi  Verified on: 25th April 03:49 pm  #VerifiedCovidResources #Oxygen #Verified #delhioxygen @COVID19_INDIA @outbreak_india,en,"[{'screen_name': 'covid19_india', 'name': 'covid-19 alerts india üáÆüá≥ | tag us for covid help', 'id': '1232993813011918848'}, {'screen_name': 'outbreak_india', 'name': '#covid19 - outbreak in india', 'id': '1248065561583439873'}]",[],[],0,8,5,"['oxygen', 'delhi', 'verifiedcovidresources', 'oxygen', 'verified', 'delhioxygen']",[],https://twitter.com/call_me_Akash_/status/1386267887350870018,False,,0,,,,,,,,[],,,,
1386243214797983744,1386243214797983744,2021-04-25 01:58:32 PDT,2021-04-25,01:58:32,-0700,914702727824891904,ygskumar,Yogesh Kumar,,"#Oxygen #concentrator available in #Delhi/NCR. Location :- Vaishali, Ghaziabad. #Verified at 02:22 PM 25/04/2021. Leave whatsapp, if not picking up the phone. #Verified information üëá #SOSDelhi #CovidHelp #COVIDEmergency #coviddelhi #COVIDEmergencyInIndia #indianeedoxygen  https://t.co/IqglAvQ8KE",en,[],[],['https://pbs.twimg.com/media/Ezzs2QlVkAIlkWQ.jpg'],2,5,2,"['oxygen', 'concentrator', 'delhi', 'verified', 'verified', 'sosdelhi', 'covidhelp', 'covidemergency', 'coviddelhi', 'covidemergencyinindia', 'indianeedoxygen']",[],https://twitter.com/Ygskumar/status/1386243214797983744,False,,1,https://pbs.twimg.com/media/Ezzs2QlVkAIlkWQ.jpg,,,,,,,[],,,,
1386230088455184386,1386230088455184386,2021-04-25 01:06:22 PDT,2021-04-25,01:06:22,-0700,255405210,yasminkidwai,Yasmin Kidwai,,I urgently need one bed for a very critical senior patient -and three oxygen cylinders for two others -exhausted trying -would appreciate any verified information-pls call me or DM me  #Delhi #CovidHelp #Beds #Oxygen,en,[],[],[],4,14,17,"['delhi', 'covidhelp', 'beds', 'oxygen']",[],https://twitter.com/YasminKidwai/status/1386230088455184386,False,,0,,,,,,,,[],,,,
1386225148215267332,1386225148215267332,2021-04-25 00:46:44 PDT,2021-04-25,00:46:44,-0700,1338463979375489024,themanikaran,Mani Karan,,#Verified source for #Oxygen #refill and #OxygenCylinders in #Delhi. If not picking up the phone leave whatsapp. #SOSDelhi #SOSCOV21 #OxygenShortage #OxygenEmergency,en,[],[],[],0,7,5,"['verified', 'oxygen', 'refill', 'oxygencylinders', 'delhi', 'sosdelhi', 'soscov21', 'oxygenshortage', 'oxygenemergency']",[],https://twitter.com/TheManiKaran/status/1386225148215267332,False,https://twitter.com/Ygskumar/status/1386224830475763717,0,,,,,,,,[],,,,
1386224830475763717,1386224830475763717,2021-04-25 00:45:29 PDT,2021-04-25,00:45:29,-0700,914702727824891904,ygskumar,Yogesh Kumar,,#Verified source for #Oxygen #refill and #OxygenCylinders in #Delhi. If not picking up the phone leave whatsapp. #SOSDelhi #SOSCOV21 #OxygenShortage #OxygenEmergency #indianeedoxygen  https://t.co/PAITwrMSYC,en,[],[],"['https://pbs.twimg.com/media/EzzcEW8UYAI8nuW.jpg', 'https://pbs.twimg.com/media/EzzcGNFVIAE5BOG.jpg', 'https://pbs.twimg.com/media/EzzcHGaVIAANTsW.jpg', 'https://pbs.twimg.com/media/EzzcH2JVUAUbhCt.jpg']",2,5,1,"['verified', 'oxygen', 'refill', 'oxygencylinders', 'delhi', 'sosdelhi', 'soscov21', 'oxygenshortage', 'oxygenemergency', 'indianeedoxygen']",[],https://twitter.com/Ygskumar/status/1386224830475763717,False,,1,https://pbs.twimg.com/media/EzzcEW8UYAI8nuW.jpg,,,,,,,[],,,,
1386220439542767616,1386220299750760448,2021-04-25 00:28:02 PDT,2021-04-25,00:28:02,-0700,3106667802,rg197923,raj,,@deeparekha reposting as recd  @dakuwithchaku: #Delhi #oxygen #Refill Phone won't be picked or reachable   Take your empty cylinder and visit. Will be refilled.   A person got it refilled here today  Thanks @PrachiGera for the info  https://t.co/BYrN5uMZc8  https://t.co/KQl9qh7vrA,en,"[{'screen_name': 'dakuwithchaku', 'name': 'covid resources link in bio', 'id': '191053312'}, {'screen_name': 'prachigera', 'name': 'nevermind', 'id': '732388795'}]",[],"['https://pbs.twimg.com/media/EzzYJCZVcAAUQb0.jpg', 'https://pbs.twimg.com/media/Ezvj2bOVEAMdAW7.jpg']",0,1,0,"['delhi', 'oxygen', 'refill']",[],https://twitter.com/Rg197923/status/1386220439542767616,False,,1,https://pbs.twimg.com/media/EzzYJCZVcAAUQb0.jpg,,,,,,,"[{'screen_name': 'deeparekha', 'name': 'deepa', 'id': '145253977'}]",,,,
1386217989221978112,1386217989221978112,2021-04-25 00:18:17 PDT,2021-04-25,00:18:17,-0700,211664486,jasbirmaan,J S Maan ‚öìÔ∏è,,#Oxygen Available in #Delhi   Name: Omar Phone: 95601 23835  Personally spoke to him at 12.30 AM last night.   Someone will have to pick up the oxygen cylinder from Old Delhi. Check immediately.,en,[],[],[],2,3,1,"['oxygen', 'delhi']",[],https://twitter.com/Jasbirmaan/status/1386217989221978112,False,,0,,,,,,,,[],,,,
1386210188076609537,1386204900313296896,2021-04-24 23:47:18 PDT,2021-04-24,23:47:18,-0700,273915180,manasjurno,ManasDas,,@ANI #Priyanka_Vadra should make another phone call to #Chhattisgarh  govt. to supply few #Oxygen  tankers for #Delhi,en,[],[],[],1,0,1,"['priyanka_vadra', 'chhattisgarh', 'oxygen', 'delhi']",[],https://twitter.com/ManasJurno/status/1386210188076609537,False,,0,,,,,,,,"[{'screen_name': 'ANI', 'name': 'ANI', 'id': '355989081'}]",,,,
1386209778779652096,1386209778779652096,2021-04-24 23:45:40 PDT,2021-04-24,23:45:40,-0700,849635542295818240,abhishe05360324,abhishek,,Supplier  Verified Phone  Available  Bhubaneswar  Satbir  Oxygen  1 minute ago  WhatsApp if not available on call.  +91 80180 08021 #CovidResources #Delhi #Bhubaneswar #DelhiNeedsOxygen #Oxygen #Beds #DelhiFightsCorona #DelhiCovid #COVIDEmergency #COVIDEmergency2021,en,[],[],[],1,4,1,"['covidresources', 'delhi', 'bhubaneswar', 'delhineedsoxygen', 'oxygen', 'beds', 'delhifightscorona', 'delhicovid', 'covidemergency', 'covidemergency2021']",[],https://twitter.com/abhishe05360324/status/1386209778779652096,False,,0,,,,,,,,[],,,,
1386195681816158213,1386195681816158213,2021-04-24 22:49:39 PDT,2021-04-24,22:49:39,-0700,833012511939129344,imjayeshvyas,Jayesh Vyas / DM for COVID RESOURCES.,,"1000 #oxygen #beds are available  *from Today*  Address:- Radha Swami Satsang, #Delhi  Phone: 011 26654913-17  @Keshu__10 @Acidtweets_",en,"[{'screen_name': 'keshu__10', 'name': 'keshu x', 'id': '1273149160578039809'}, {'screen_name': 'acidtweets_', 'name': 'acid‚öóÔ∏è', 'id': '1275428797555322885'}]",[],[],0,0,0,"['oxygen', 'beds', 'delhi']",[],https://twitter.com/imjayeshvyas/status/1386195681816158213,False,https://twitter.com/Alladeen_MF/status/1386187112152637444,0,,,,,,,,[],,,,
1386030038584156161,1386030038584156161,2021-04-24 11:51:27 PDT,2021-04-24,11:51:27,-0700,126994914,sanjeetnmishra,Sanjeet N Mishra,,"Around 1000 #OxygenBeds will be available at Radha Soami Satsang, Beas Delhi from 25th April onwards.  Radha Soami Satsang -Beas, Bhati Mines, Chhatarpur, Nr. Sawan Public School, Qutub Minar Road, Delhi Phone: 26654913-17 #OxygenInDelhi #Oxygen #Delhi #COVID19 @DrKumarVishwas",en,"[{'screen_name': 'drkumarvishwas', 'name': 'dr kumar vishvas', 'id': '141633175'}]",[],[],0,2,3,"['oxygenbeds', 'oxygenindelhi', 'oxygen', 'delhi', 'covid19']",[],https://twitter.com/sanjeetnmishra/status/1386030038584156161,False,,0,,,,,,,,[],,,,
1386004781450207233,1386004781450207233,2021-04-24 10:11:05 PDT,2021-04-24,10:11:05,-0700,3363931798,mukund_0701,Mukund Choudhary,,"Patient Name: Surrinder Singh, Age: 67, Pitampura #Oxygen Level: 86, situation are extremely critical.  Phone +919268921097 Need Oxygen Cylinder with Accessories urgently. Please help üôèüôèüôè #Delhi @shalabhmani @TajinderBagga @KapilMishra_IND @PoddarVaishali @DeepikaBhardwaj",en,"[{'screen_name': 'shalabhmani', 'name': 'shalabh mani tripathi', 'id': '76687749'}, {'screen_name': 'tajinderbagga', 'name': 'tajinder pal singh bagga', 'id': '85462891'}, {'screen_name': 'kapilmishra_ind', 'name': 'kapil mishra', 'id': '31656892'}, {'screen_name': 'poddarvaishali', 'name': 'vaishali poddar', 'id': '4358246653'}, {'screen_name': 'deepikabhardwaj', 'name': 'deepika narayan bhardwaj', 'id': '50243741'}]",[],[],8,4,2,"['oxygen', 'delhi']",[],https://twitter.com/mukund_0701/status/1386004781450207233,False,,0,,,,,,,,[],,,,
1386004077298036736,1386002776157655042,2021-04-24 10:08:17 PDT,2021-04-24,10:08:17,-0700,100259584,marishadolly,Marisha,,"@SaralPatel Home ICU in #Delhi   WhatsApp at +919871582633 with details of the patient and the address Verified by Yash @ 9:20 PM on 24-04-21 @ICLU_Ind  ++  #Delhi NCR #Oxygen  Phone: 8750829088  Rs. 28k + GST for 10lt cylinder. all over delhi NCR delivery. Verified Bhanu at 7:40, 24th Apri",en,"[{'screen_name': 'iclu_ind', 'name': 'indian civil liberties union', 'id': '1112381521258823681'}]",[],[],1,1,2,"['delhi', 'delhi', 'oxygen']",[],https://twitter.com/marishadolly/status/1386004077298036736,False,,0,,,,,,,,"[{'screen_name': 'SaralPatel', 'name': 'Saral Patel', 'id': '1254474637'}]",,,,
1386000822899658754,1385994012402716674,2021-04-24 09:55:21 PDT,2021-04-24,09:55:21,-0700,1339455064146997249,sharmaboyk,Ak 2 only positivity,,@rishitsaraf24 @Gaurav2566 @Ohudeadppl @Cipla_Global @Pharmova @ArvindKejriwal @msisodia @CMODelhi @COVIDNewsByMIB Three new (not personally verified) leads #Delhi #ICU #Oxygen beds  Kindly try to talk/visit physically as they shut phone down due to too many calls.  https://t.co/10K34v8Fe1,en,[],[],"['https://pbs.twimg.com/media/EzvColVVkAUWeYj.jpg', 'https://pbs.twimg.com/media/EzvCo_BUcAElw7g.jpg', 'https://pbs.twimg.com/media/EzvCpfYUYAQW0qh.jpg']",0,0,2,"['delhi', 'icu', 'oxygen']",[],https://twitter.com/sharmaboyk/status/1386000822899658754,False,,1,https://pbs.twimg.com/media/EzvColVVkAUWeYj.jpg,,,,,,,"[{'screen_name': 'rishitsaraf24', 'name': 'rishit saraf', 'id': '2568311820'}, {'screen_name': 'Gaurav2566', 'name': 'Gaurav Sharma', 'id': '886840158632513537'}, {'screen_name': 'Ohudeadppl', 'name': 'j. ü§çüí´', 'id': '2479882818'}, {'screen_name': 'Cipla_Global', 'name': 'Cipla', 'id': '707860258132103168'}, {'screen_name': 'Pharmova', 'name': 'Jubilant Pharmova', 'id': '1243468389315530752'}, {'screen_name': 'ArvindKejriwal', 'name': 'Arvind Kejriwal', 'id': '405427035'}, {'screen_name': 'msisodia', 'name': 'Manish Sisodia', 'id': '30417501'}, {'screen_name': 'CMODelhi', 'name': 'CMO Delhi', 'id': '1242298980660178951'}, {'screen_name': 'COVIDNewsByMIB', 'name': '#IndiaFightsCorona', 'id': '1244892413262311425'}]",,,,
1385985149444104194,1385985149444104194,2021-04-24 08:53:04 PDT,2021-04-24,08:53:04,-0700,3100645958,shivamrg98,Shivam gupta,,"1000 #Oxygen #beds will be available at Radha Soami Satsang, Beas #Delhi from Sunday 25th April onwards.   Address:-   Radha Soami Satsang -Beas, Bhati Mines, Chhatarpur, Nr. Sawan public school Delhi Phone: 011 26654913-17.  Verified 08:00 PM | 24.04.2021 #CovidIndia",en,[],[],[],1,3,1,"['oxygen', 'beds', 'delhi', 'covidindia']",[],https://twitter.com/shivamrg98/status/1385985149444104194,False,,0,,,,,,,,[],,,,
1385971259612098561,1385971259612098561,2021-04-24 07:57:53 PDT,2021-04-24,07:57:53,-0700,572402027,konnectanuj,Travelling Tummy,,"1000 #Oxygen #beds will be available at Radha Soami Satsang, Beas #Delhi from Sunday 25th April onwards.   Address:-   Radha Soami Satsang -Beas, Bhati Mines, Chhatarpur, Nr. Sawan public school Delhi Phone: 011 26654913-17.  Verified 08:00 PM | 24.04.2021 #CovidIndia",en,[],[],[],0,0,0,"['oxygen', 'beds', 'delhi', 'covidindia']",[],https://twitter.com/Konnectanuj/status/1385971259612098561,False,,0,,,,,,,,[],,,,
1385952196265533441,1385952196265533441,2021-04-24 06:42:07 PDT,2021-04-24,06:42:07,-0700,191053312,dakuwithchaku,Covid resources link in bio,,#Delhi #oxygen #Refill Phone won't be picked or reachable   Take your empty cylinder and visit. Will be refilled.   A person got it refilled here today  Thanks @PrachiGera for the info  https://t.co/KSgZLG74Zc,en,"[{'screen_name': 'prachigera', 'name': 'nevermind', 'id': '732388795'}]",[],['https://pbs.twimg.com/media/Ezvj2bOVEAMdAW7.jpg'],3,106,45,"['delhi', 'oxygen', 'refill']",[],https://twitter.com/dakuwithchaku/status/1385952196265533441,False,,1,https://pbs.twimg.com/media/Ezvj2bOVEAMdAW7.jpg,,,,,,,[],,,,
1385941395513380869,1385925214547021829,2021-04-24 05:59:12 PDT,2021-04-24,05:59:12,-0700,3091187252,anibasnimsay,RedApeirogon,,üö® #Oxygen cylinders available #Faridabad #Delhi/#NCR JAY EMM GASES  https://t.co/BoKmQlLBje  Phone: +91 93100 31095,en,[],['https://g.page/JAYEMMGASESPVTLTD?share'],[],2,0,1,"['oxygen', 'faridabad', 'delhi', 'ncr']",[],https://twitter.com/AnibasNimsay/status/1385941395513380869,False,,0,,,,,,,,[],,,,
1385922180089667591,1385922180089667591,2021-04-24 04:42:51 PDT,2021-04-24,04:42:51,-0700,1357496145145188352,sachin_31sagar,Sachin Sagar,,‡§ï‡§ø‡§§‡§®‡•á ‡§≠‡•Ä ‡§¨‡§æ‡§∞‡•Ä ‡§Ü‡§ì ‡§ñ‡§æ‡§≤‡•Ä ‡§∏‡§ø‡§≤‡•á‡§Ç‡§°‡§∞ ‡§≤‡§æ‡§ì ‡§â‡§∏‡§ï‡•ã ‡§≠‡§∞‡§µ‡§æ‡§è ‡§Ü‡§™‡§∏‡•á ‚Çπ1 ‡§®‡§π‡•Ä‡§Ç ‡§≤‡§ø‡§Ø‡§æ ‡§ú‡§æ‡§è‡§ó‡§æ Phone number 7703940131 üôè #OxygenCrisis #OxygenCylinders #OxygenShortage #Oxygen #CovidIndia #COVIDEmergency2021 #Delhi #DelhiCovid,hi,[],[],[],0,0,1,"['oxygencrisis', 'oxygencylinders', 'oxygenshortage', 'oxygen', 'covidindia', 'covidemergency2021', 'delhi', 'delhicovid']",[],https://twitter.com/sachin_31sagar/status/1385922180089667591,False,https://twitter.com/_AdilHussain/status/1385912340466466816,0,,,,,,,,[],,,,
1388527596036444163,1388517471787749377,2021-05-01 09:15:51 PDT,2021-05-01,09:15:51,-0700,1348559391629352962,mitushi1108,mitushi1108,,"@Su4ita @DelhiPolice @DCP_CCC_Delhi #SCAM ALERT #DELHI #OXYGEN #DelhiPolice #DelhiNeedsOxygen #OxygenCylinders #OxygenEmergency @Su4ita  Sachin Agarwal- +919083499035 , +91 93825 45742 , +91 96359 74489took  money from my friend promising to deliver a cylinder, has now switched his phone off.  https://t.co/NAN5psSQuZ",en,"[{'screen_name': 'su4ita', 'name': 'sucharita tyagi', 'id': '350728896'}]",[],"['https://pbs.twimg.com/media/E0UKfAbVoAEa3ml.jpg', 'https://pbs.twimg.com/media/E0UKfAdVgAAkTZT.jpg']",2,2,2,"['scam', 'delhi', 'oxygen', 'delhipolice', 'delhineedsoxygen', 'oxygencylinders', 'oxygenemergency']",[],https://twitter.com/mitushi1108/status/1388527596036444163,False,,1,https://pbs.twimg.com/media/E0UKfAbVoAEa3ml.jpg,,,,,,,"[{'screen_name': 'Su4ita', 'name': 'Sucharita Tyagi', 'id': '350728896'}, {'screen_name': 'DelhiPolice', 'name': '#DilKiPolice Delhi Police', 'id': '1850705408'}, {'screen_name': 'DCP_CCC_Delhi', 'name': 'DCP Cybercrime', 'id': '874157386952519680'}]",,,,
1388527543054069765,1388527543054069765,2021-05-01 09:15:38 PDT,2021-05-01,09:15:38,-0700,70368376,_yogeshgupta,Adv. Yogesh Gupta üáÆüá≥,,"Dear Sir   Urgent Requirement #Oxygen #Concentrator, #Remdesivir and #Tocilizumab injections in #TilakNagar, #Delhi.  Name- R.P.Tyagi Age -61 Phone number:- 9911014554 Condition is critical, please help. üôè  @DeependerSHooda   @TeamDeepender",en,"[{'screen_name': 'deependershooda', 'name': 'deepender s hooda', 'id': '49375859'}, {'screen_name': 'teamdeepender', 'name': 'team deepender inc', 'id': '4431427320'}]",[],[],6,1,1,"['oxygen', 'concentrator', 'remdesivir', 'tocilizumab', 'tilaknagar', 'delhi']",[],https://twitter.com/_YogeshGupta/status/1388527543054069765,False,,0,,,,,,,,[],,,,
1388506881035964416,1388506881035964416,2021-05-01 07:53:32 PDT,2021-05-01,07:53:32,-0700,1348559391629352962,mitushi1108,mitushi1108,,"#SCAM ALERT #DELHI #OXYGEN #DelhiPolice #DelhiNeedsOxygen #OxygenCylinders #OxygenEmergency  Sachin Agarwal- +919083499035 , +91 93825 45742 , +91 96359 74489took  money from my friend promising to deliver a cylinder, has now switched his phone off.  BEWARE do not reach out to",en,[],[],[],1,1,1,"['scam', 'delhi', 'oxygen', 'delhipolice', 'delhineedsoxygen', 'oxygencylinders', 'oxygenemergency']",[],https://twitter.com/mitushi1108/status/1388506881035964416,False,,0,,,,,,,,[],,,,
1388492297608728582,1388492297608728582,2021-05-01 06:55:35 PDT,2021-05-01,06:55:35,-0700,328993574,sayanigupta,Sayani Gupta,,"This guys needs to be caught.  He said Sachin Agarwal on this no. 6289204276 Sent the below gpay details: (9973329750 Phone pay Google pe Raj Kumar Mandal) #SCAM #delhi #Oxygen   Also, please Do Not Give any advance to anyone asking.",en,[],[],[],2,11,18,"['scam', 'delhi', 'oxygen']",[],https://twitter.com/sayanigupta/status/1388492297608728582,False,https://twitter.com/Su4ita/status/1388127899396427776,0,,,,,,,,[],,,,
1388448867679543297,1388440213668569089,2021-05-01 04:03:00 PDT,2021-05-01,04:03:00,-0700,582850178,dogoodalwys,Nevergiveup,,"@garima5555 @taapsee @MandviSharma @bhumipednekar @priyankachopra @Samriddhi0809 @janiceseq85 @deespeak @RichaChadha @I_abhipandey Call here fast Contact MR Vineet ..He is selling 12 ltr oxygen Can at 800rs ..Call at @9811169579 and I just spoke at 2.42pm Oxygen Cans available at Sec17, Rohini, Near Shama Chicken Corner. Pls reach and phone him #oxygen #refill #coviddelhi #covidhelpdelhi #delhi #covid",en,[],[],[],0,1,1,"['oxygen', 'refill', 'coviddelhi', 'covidhelpdelhi', 'delhi', 'covid']",[],https://twitter.com/dogoodalwys/status/1388448867679543297,False,,0,,,,,,,,"[{'screen_name': 'garima5555', 'name': 'Garima', 'id': '472662842'}, {'screen_name': 'taapsee', 'name': 'taapsee pannu', 'id': '132992534'}, {'screen_name': 'MandviSharma', 'name': 'Mandvi Gayatri Sharma', 'id': '31798899'}, {'screen_name': 'bhumipednekar', 'name': 'bhumi pednekar', 'id': '243332437'}, {'screen_name': 'priyankachopra', 'name': 'PRIYANKA', 'id': '18681139'}, {'screen_name': 'Samriddhi0809', 'name': 'Samriddhi Sakunia', 'id': '1187435094270603264'}, {'screen_name': 'janiceseq85', 'name': 'Janice Sequeira', 'id': '102031596'}, {'screen_name': 'deespeak', 'name': 'Dia Mirza', 'id': '113352671'}, {'screen_name': 'RichaChadha', 'name': 'TheRichaChadha', 'id': '207888272'}, {'screen_name': 'I_abhipandey', 'name': 'Abhishek Pandey', 'id': '572559747'}]",,,,
1388435101747396608,1388428921478078465,2021-05-01 03:08:18 PDT,2021-05-01,03:08:18,-0700,582850178,dogoodalwys,Nevergiveup,,"@ruchikagarg271 @iPriyanka_S Call here fast Contact MR Vineet ..He is selling 12 ltr oxygen Can at 800rs ..Call at @9811169579 and I just spoke at 2.42pm Oxygen Cans available at Sec17, Rohini, Near Shama Chicken Corner. Pls reach and phone him #oxygen #refill #coviddelhi #covidhelpdelhi #delhi #covid",en,[],[],[],1,2,2,"['oxygen', 'refill', 'coviddelhi', 'covidhelpdelhi', 'delhi', 'covid']",[],https://twitter.com/dogoodalwys/status/1388435101747396608,False,,0,,,,,,,,"[{'screen_name': 'ruchikagarg271', 'name': 'Ruchika Garg', 'id': '3255456678'}, {'screen_name': 'iPriyanka_S', 'name': 'Priyanka Sharma', 'id': '635638927'}]",,,,
1388434108724940802,1388434108724940802,2021-05-01 03:04:22 PDT,2021-05-01,03:04:22,-0700,2583433406,iamhimanshusani,Himanshu Saini,,Verified Phone number oxygen delhi #OxygenCylinders #Oxygen #Delhi   https://t.co/NkL4i3Joqe,en,[],['https://jeevankhoj.com/delhi-oxygen/'],[],0,0,0,"['oxygencylinders', 'oxygen', 'delhi']",[],https://twitter.com/iamhimanshusani/status/1388434108724940802,False,,0,,,,,,,,[],,,,
1388426197550329856,1388425711594004482,2021-05-01 02:32:55 PDT,2021-05-01,02:32:55,-0700,582850178,dogoodalwys,Nevergiveup,,"@MandviSharma @itsmesabita @utsavbains @indiacares_2020 Contact MR Vineet ..He is selling 12 ltr oxygen Can at 800rs ..Call at @9811169579 and I just spoke at 2.42pm 1/5/21 Oxygen Cans availble at Sec17, Rohini, Near Shama Chicken Corner. Pls reach and phone him #oxygen #refill #coviddelhi #covidhelpdelhi #delhi #covid #oxygencylinder",en,[],[],[],1,2,1,"['oxygen', 'refill', 'coviddelhi', 'covidhelpdelhi', 'delhi', 'covid', 'oxygencylinder']",[],https://twitter.com/dogoodalwys/status/1388426197550329856,False,,0,,,,,,,,"[{'screen_name': 'MandviSharma', 'name': 'Mandvi Gayatri Sharma', 'id': '31798899'}, {'screen_name': 'itsmesabita', 'name': 'Sabita Chanda', 'id': '68598181'}, {'screen_name': 'utsavbains', 'name': 'Utsav Bains', 'id': '2339462503'}, {'screen_name': 'indiacares_2020', 'name': 'India Cares', 'id': '1250957643981582336'}]",,,,
1388421224452083712,1388399495352918017,2021-05-01 02:13:10 PDT,2021-05-01,02:13:10,-0700,582850178,dogoodalwys,Nevergiveup,,"@HataCurry @iPriyanka_S Contact MR Vineet ..He is selling 12 ltr oxygen Can at 800rs ..Call at @9811169579 and I just spoke at 2.42pm Oxygen Cans available at Sec17, Rohini, Near Shama Chicken Corner. Pls reach and phone him #oxygen #refill #coviddelhi #covidhelpdelhi #delhi #covid #oxygencylinder",en,[],[],[],1,2,1,"['oxygen', 'refill', 'coviddelhi', 'covidhelpdelhi', 'delhi', 'covid', 'oxygencylinder']",[],https://twitter.com/dogoodalwys/status/1388421224452083712,False,,0,,,,,,,,"[{'screen_name': 'HataCurry', 'name': 'Satadru Mukherjee', 'id': '45089243'}, {'screen_name': 'iPriyanka_S', 'name': 'Priyanka Sharma', 'id': '635638927'}]",,,,
1388410041569447938,1388410041569447938,2021-05-01 01:28:43 PDT,2021-05-01,01:28:43,-0700,976875724819886080,abhay_dhotrekar,Abhay Dhotrekar,,"Spoke with the concerned person @9811169579 Oxygen Cans available at Sec17, Rohini, Near Shama Chicken Corner. Pls reach and phone him #oxygen #refill #coviddelhi #covidhelpdelhi #delhi #covid #oxygencylinder",en,[],[],[],0,1,0,"['oxygen', 'refill', 'coviddelhi', 'covidhelpdelhi', 'delhi', 'covid', 'oxygencylinder']",[],https://twitter.com/abhay_dhotrekar/status/1388410041569447938,False,https://twitter.com/Fighterjet_sam/status/1388386540187959297,0,,,,,,,,[],,,,
1388406047702851585,1388406047702851585,2021-05-01 01:12:51 PDT,2021-05-01,01:12:51,-0700,3313606693,monkchandan,Parashar Chandan,,"please help  #Urgent need #Oxygen #Dwarka #Delhi  Mrs Pushpa Jha Flat -190, Adarsh Apartment  Sector-3, Pocket-16 #Dwarka  New Delhi PIN -110078  Phone -8285920530 @TajinderBagga  ji",en,"[{'screen_name': 'tajinderbagga', 'name': 'tajinder pal singh bagga', 'id': '85462891'}]",[],[],3,0,0,"['urgent', 'oxygen', 'dwarka', 'delhi', 'dwarka']",[],https://twitter.com/MonkChandan/status/1388406047702851585,False,,0,,,,,,,,[],,,,
